feature,weight
intercept,91645.75539082449
avg_actual_value,263.67396754449396
