feature,weight
intercept,76647.42471641193
avg_actual_value,537.3056123391941
