feature,weight
intercept,-239.67278251986392
btc_price,0.0028084287243208147
