feature,weight
intercept,76742.5753335559
avg_actual_value,469.8876691379823
