feature,weight
intercept,41010.74789884511
avg_actual_value,946.7116219469693
