feature,weight
intercept,42422.73914691991
avg_actual_value,942.256160062427
