feature,weight
intercept,78297.95492521781
avg_actual_value,450.5815049514594
