feature,weight
intercept,-260.35084798809453
btc_price,0.0030111459297750445
