feature,weight
intercept,91138.36723870976
avg_actual_value,363.32920966676414
