feature,weight
intercept,78626.4001240785
avg_actual_value,537.0180552356401
