feature,weight
intercept,92754.22192629102
avg_actual_value,334.4970075243605
