feature,weight
intercept,74519.32192248065
avg_actual_value,499.51655306539584
