feature,weight
intercept,89687.00907635597
btc_price,280.74767316979404
