feature,weight
intercept,71824.6791371695
avg_actual_value,598.1908963306115
