feature,weight
intercept,76672.31517210082
avg_actual_value,547.0133271113133
