feature,weight
intercept,90235.81364285329
avg_actual_value,275.8113601603533
