feature,weight
intercept,93931.88481392192
avg_actual_value,318.44863092040384
