feature,weight
intercept,45023.65126590589
avg_actual_value,906.2651421648001
