feature,weight
intercept,73669.7294059013
avg_actual_value,547.6883900423746
