feature,weight
intercept,77768.08178034765
avg_actual_value,543.9380630879249
