feature,weight
intercept,78675.11060678928
avg_actual_value,523.9118831929209
