feature,weight
intercept,53322.301169023325
avg_actual_value,808.2766973285183
