feature,weight
intercept,89687.00907635597
fear_greed_index,280.74767316979404
