feature,weight
intercept,94208.38511248658
avg_actual_value,321.82630484694545
