feature,weight
intercept,92587.83891265973
avg_actual_value,341.9701315340209
