feature,weight
intercept,82000.57177829447
avg_actual_value,451.1355361408856
