feature,weight
intercept,84326.00329236506
avg_actual_value,455.7674784938723
