feature,weight
intercept,94052.72132230003
avg_actual_value,324.65460422623664
