feature,weight
intercept,41092.8537325216
avg_actual_value,955.6353240950457
