feature,weight
intercept,91024.86476886086
avg_actual_value,365.3739015071242
