feature,weight
intercept,-274.2799263219272
btc_price,0.0031482322088771477
