feature,weight
intercept,46492.11917039199
avg_actual_value,901.8316620348721
