feature,weight
intercept,94593.8690506781
avg_actual_value,307.83107199864446
