feature,weight
intercept,44274.323584525715
avg_actual_value,929.2437830460299
