feature,weight
intercept,93839.84501404215
avg_actual_value,324.4062659070211
