feature,weight
intercept,94770.19636154384
avg_actual_value,306.8918235866717
