feature,weight
intercept,92087.1714925413
avg_actual_value,343.6244575135571
