feature,weight
intercept,71366.59249081218
avg_actual_value,595.9587517866513
