feature,weight
intercept,60154.521047762624
avg_actual_value,718.1503467992175
