feature,weight
intercept,56712.073037983704
avg_actual_value,763.4812011097214
