feature,weight
intercept,91318.62738110732
avg_actual_value,349.97450887180776
