feature,weight
intercept,77837.37592018869
avg_actual_value,557.8955972615632
