feature,weight
intercept,89687.009076356
avg_actual_value,280.74767316979353
