feature,weight
intercept,78369.62338207992
avg_actual_value,454.54305965060155
