feature,weight
intercept,89687.00907635597
avg_actual_value,280.74767316979404
