feature,weight
intercept,94196.91447716141
avg_actual_value,312.2532745535822
