feature,weight
intercept,-206.29823076478175
btc_price,0.002509760789943417
