feature,weight
intercept,73423.51455078745
avg_actual_value,581.3918559840833
