feature,weight
intercept,75862.41934270294
avg_actual_value,503.4962244615539
