feature,weight
intercept,48914.84266740139
avg_actual_value,871.5048621338482
