feature,weight
intercept,41421.6393950477
avg_actual_value,930.0638082116418
