feature,weight
intercept,66047.23223968552
avg_actual_value,631.3834084983231
