feature,weight
intercept,86.23262893607898
open_actual_value,30.842893935771833
open_bitcoin_price_usd,-0.9477513644781413
high_bitcoin_price_usd,0.9866742719532813
low_bitcoin_price_usd,0.9600996411336014
avg_actual_value,-30.59033079405685
