feature,weight
intercept,128.80853678050335
open_actual_value,65.52715573119566
open_bitcoin_price_usd,-0.9433993333035156
high_bitcoin_price_usd,0.982605100496569
low_bitcoin_price_usd,0.9593000860199836
avg_actual_value,-65.08043965044897
