feature,weight
intercept,58.34291176390252
open_actual_value,29.0094176370771
open_bitcoin_price_usd,-0.9469161815712039
high_bitcoin_price_usd,0.9851600598657232
low_bitcoin_price_usd,0.9610764739617644
avg_actual_value,-28.807641016889466
