feature,weight
intercept,80.79828219224873
open_actual_value,32.91312076725253
open_bitcoin_price_usd,-0.9495939586270981
high_bitcoin_price_usd,0.9884779237189831
low_bitcoin_price_usd,0.9601774627982368
avg_actual_value,-32.63143606116016
