feature,weight
intercept,122.16097630490549
open_actual_value,73.99342833735746
open_bitcoin_price_usd,-0.9208379042831234
high_bitcoin_price_usd,0.9926793279255626
low_bitcoin_price_usd,0.9267281801396443
avg_actual_value,-73.56846158434205
